Movie Name,Release Date,Genre,Runtime,Story,IMDb Rating,Vote Count,Director,Actors,Movie URL
12th Fail,2023-10-27,"Biography, Drama",2h 27m,The real-life story of IPS Officer Manoj Kumar Sharma and IRS Officer Shraddha Joshi.,8.7,175243,Vidhu Vinod Chopra,"Vikrant Massey, Harish Khanna, Geeta Agrawal Sharma",https://www.imdb.com/title/tt23849204/
Gol Maal,1979-04-20,"Comedy, Romance",2h 0m,A man's simple lie to secure his job escalates into more complex lies when his orthodox boss gets suspicious.,8.5,22212,Hrishikesh Mukherjee,"Amol Palekar, Utpal Dutt, Bindiya Goswami",https://www.imdb.com/title/tt0079221/
Nayakan,1987-10-21,"Crime, Drama",2h 25m,"A common man's struggles against a corrupt police force put him on the wrong side of the law. He becomes a don, who is loved and respected by many, but his growing power and influence exact a heavy toll.",8.6,28064,Mani Ratnam,"Kamal Haasan, Saranya Ponvannan, Delhi Ganesh",https://www.imdb.com/title/tt0093603/
Anbe Sivam,2003-01-14,"Adventure, Comedy, Drama",2h 40m,"Two men, one young and arrogant, the other damaged - physically but not spiritually - by life, are thrown together by circumstances, and find that they are in some ways bound together by fate.",8.6,28465,Sundar C.,"Kamal Haasan, Madhavan, Kiran Rathod",https://www.imdb.com/title/tt0367495/
#Home,2021-08-19,"Drama, Family",2h 38m,"Oliver Twist (Indrans) wants to be tech-savvy and become a better companion to his two sons, who spend more time on their phones than with their loved ones.",8.7,19965,Rojin Thomas,"Indrans, Sreenath Bhasi, Manju Pillai",https://www.imdb.com/title/tt10534500/
Apur Sansar,1960-10-04,Drama,1h 45m,An orphaned young man in India pursues his dream of becoming a writer while navigating life's challenges and personal growth.,8.4,20475,Satyajit Ray,"Soumitra Chatterjee, Sharmila Tagore, Alok Chakravarty",https://www.imdb.com/title/tt0052572/
3 Idiots,2009-12-25,"Comedy, Drama",2h 50m,"Two friends search for a brilliant, free-spirited classmate whose unconventional approach to engineering school changed their lives and challenged a rigid education system.",8.4,486986,Rajkumar Hirani,"Aamir Khan, Madhavan, Mona Singh",https://www.imdb.com/title/tt1187043/
Manichitrathazhu,1993-12-24,"Comedy, Horror, Mystery",2h 49m,"When a forbidden room in an old bungalow is unbolted, the spirit of a vengeful dancer is unleashed.",8.7,14533,Fazil,"Mohanlal, Shobana, Suresh Gopi",https://www.imdb.com/title/tt0214915/
Sandesham,1991-10-30,"Comedy, Drama",2h 18m,"A satire on contemporary Kerala politics where brothers turn local leaders of rival parties, leading to distress for their aged and once-proud parents.",9.0,6511,Sathyan Anthikad,"Thilakan, Sreenivasan, Jayaram",https://www.imdb.com/title/tt0353975/
Kireedam,1989-07-07,"Action, Drama",2h 4m,The life of a young man turns upside down when he intervenes in a dispute in order to rescue his father (a cop) from a ruthless local outlaw.,8.9,9881,Sibi Malayil,"Mohanlal, Thilakan, Kaviyoor Ponnamma",https://www.imdb.com/title/tt0237376/
Pariyerum Perumal,2018-09-28,Drama,2h 34m,"A law student from a lower caste begins a friendship with his classmate, a girl who belongs to a higher caste, and the men in her family start giving him trouble over this.",8.6,20635,Mari Selvaraj,"Kathir, Kayal Anandhi, Yogi Babu",https://www.imdb.com/title/tt8176054/
777 Charlie,2022-06-10,"Adventure, Comedy, Drama",2h 44m,Dharma is stuck in a rut with his negative and lonely lifestyle and spends each day in the comfort of his loneliness. A pup named Charlie enters his life and gives him a new perspective towards it.,8.7,48142,Kiranraj K,"Rakshit Shetty, Charlie, Sangeetha Sringeri",https://www.imdb.com/title/tt7466810/
C/o Kancharapalem,2018-09-06,Drama,2h 32m,Four unconventional love stories set in the town and including the people of Kancherapalem.,8.8,10997,Venkatesh Maha,"Radha Bessy, Subba Rao Vepada, Praneeta Patnaik",https://www.imdb.com/title/tt7391996/
Kumbalangi Nights,2019-02-21,"Comedy, Drama, Romance",2h 15m,"Revolves around four brothers who share a love-hate relationship with each other. Their relationship progresses to another level when Saji, Boney, and Franky decide to help Bobby stand by his love.",8.5,21986,Madhu C. Narayanan,"Shane Nigam, Soubin Shahir, Fahadh Faasil",https://www.imdb.com/title/tt8413338/
Black Friday,2007-02-09,"Action, Crime, Drama",2h 23m,"Follows the investigations following the 1993 serial Bombay bomb blasts, told through the different stories of the people involved --police, conspirators, victims, middlemen.",8.4,26344,Anurag Kashyap,"Kay Kay Menon, Pawan Malhotra, Aditya Srivastav",https://www.imdb.com/title/tt0400234/
Jersey,2019-04-19,"Drama, Sport",2h 37m,A failed cricketer decides to revive his cricketing career in his late 30's despite everyone being skeptical of his ability to do so.,8.5,30107,Gowtam Tinnanuri,"Nani, Shraddha Srinath, Sathyaraj",https://www.imdb.com/title/tt8948790/
Taare Zameen Par,2007-12-21,"Drama, Family",2h 42m,A young boy is thought to be nothing but a lazy troublemaker until the new art teacher has the patience and compassion to discover the real problem behind his struggles in school.,8.3,234785,Aamir Khan,"Darsheel Safary, Aamir Khan, Tisca Chopra",https://www.imdb.com/title/tt0986264/
Rocketry: The Nambi Effect,2022-07-01,"Biography, Drama",2h 37m,"The story of Indian Space Research Organization scientist Nambi Narayanan, who was framed for being a spy and arrested in 1994.",8.6,62420,Madhavan,"Madhavan, Simran, Rajit Kapoor",https://www.imdb.com/title/tt9263550/
Natsamrat,2016-01-01,"Drama, Family",2h 46m,"After he retires, an aging theatre actor and his wife begin to feel unwanted by their children.",8.8,8186,"Mahesh Manjrekar, Satish Padwal","Nana Patekar, Medha Manjrekar, Mrunmayee Deshpande",https://www.imdb.com/title/tt5311546/
96,2018-10-03,"Drama, Romance",2h 38m,Two high school sweethearts meet at a reunion after 22 years and reminisce about their past.,8.5,46024,C. Prem Kumar,"Vijay Sethupathi, Trisha Krishnan, Adithya Bhaskar",https://www.imdb.com/title/tt7019842/
Nadodikkattu,1987-05-06,Comedy,2h 38m,"After losing their jobs in Kerala, Dasan and Vijayan decide to migrate to the Middle East. But they end up in Tamil Nadu where they are mistaken as two CID officers by a group of smugglers.",8.8,6749,Sathyan Anthikad,"Mohanlal, Sreenivasan, Shobana",https://www.imdb.com/title/tt0282778/
Maya Bazaar,1957-03-27,"Comedy, Drama",3h 12m,"Balarama promises Subhadra to get his daughter married to her son. But when the Pandavas loses their kingdom to the Kaurava's, Balarama breaks his promise.",9.0,7005,Kadiri Venkata Reddy,"N.T. Rama Rao, S.V. Ranga Rao, Savitri",https://www.imdb.com/title/tt0249795/
Drishyam 2,2021-02-19,"Crime, Drama, Mystery",2h 32m,A gripping tale of an investigation and a family which is threatened by it. Will Georgekutty be able to protect his family this time?,8.4,45636,Jeethu Joseph,"Mohanlal, Meena, Ansiba Hassan",https://www.imdb.com/title/tt12361178/
Dangal,2016-12-21,"Action, Biography, Drama",2h 41m,"Mahavir Singh Phogat, a former wrestler, decides to fulfill his dream of winning a gold medal for his country by training his daughters for the Commonwealth Games despite the existing social stigmas.",8.3,246365,Nitesh Tiwari,"Aamir Khan, Sakshi Tanwar, Fatima Sana Shaikh",https://www.imdb.com/title/tt5074352/
Meiyazhagan,2024-09-27,"Drama, Family",2h 57m,A man's life is changed when he bumps into someone from his hometown in this moving Tamil-language drama; gentle scenes are occasionally punctuated by sporting threat and recollections of violence.,8.5,23487,C. Prem Kumar,"Karthi, Arvind Swamy, Sri Divya",https://www.imdb.com/title/tt26758372/
Visaranai,2016-02-05,"Crime, Drama, Thriller",1h 57m,Four labourers are tortured by the police to confess to a theft they have not committed.,8.4,15820,Vetrimaaran,"Dinesh, Samuthirakani, Kayal Anandhi",https://www.imdb.com/title/tt4991384/
Kaithi,2019-10-24,"Action, Crime, Thriller",2h 25m,"Dilli, an ex-convict, endeavours to meet his daughter for the first time after leaving prison. However, his attempts are interrupted due to a drug raid planned by Inspector Bejoy.",8.4,52284,Lokesh Kanagaraj,"Karthi, Narain, Arjun Das",https://www.imdb.com/title/tt9900782/
Soorarai Pottru,2020-11-12,Drama,2h 33m,"A determined villager challenges the aviation industry's elite by pursuing his vision of affordable air travel for all, despite numerous obstacles and setbacks",8.6,132469,Sudha Kongara,"Suriya, Aparna Balamurali, Paresh Rawal",https://www.imdb.com/title/tt10189514/
Sita Ramam,2022-08-05,"Action, Drama, Musical",2h 43m,"A soldier receives a life-changing letter from a woman named Sita, leading to a beautiful romance. Their love story takes an unexpected turn when he returns to his military post in Kashmir and faces imprisonment.",8.5,84918,Hanu Raghavapudi,"Dulquer Salmaan, Mrunal Thakur, Rashmika Mandanna",https://www.imdb.com/title/tt20850406/
Anniyan,2005-06-17,"Action, Crime, Drama",3h 1m,"Ramanujam, who suffers from multiple personality disorder, works as a lawyer by day and a vigilante at night, using tips from the 'Garuda Purana' as his tools to punish various antisocial elements.",8.4,26717,Shankar Shanmugham,"Vikram, Sada, Prakash Raj",https://www.imdb.com/title/tt0376127/
Thalapathi,1991-11-25,"Action, Crime, Drama",2h 37m,An orphan named Surya raised in a slum befriends a good crime boss named Devaraj and works for him. Their existence is threatened when a new honest district collector arrives.,8.5,16105,Mani Ratnam,"Rajinikanth, Mammootty, Shobana",https://www.imdb.com/title/tt0101649/
Thevar Magan,1992-10-25,"Action, Drama, Romance",2h 25m,The urbane son of a village chieftain struggles between his personal aspirations and those of his family.,8.7,9048,Bharathan,"Kamal Haasan, Sivaji Ganesan, Nassar",https://www.imdb.com/title/tt0105575/
Drishyam,2013-12-19,"Crime, Drama, Mystery",2h 40m,A man goes to extreme lengths to save his family from punishment after the family commits an accidental crime.,8.4,49415,Jeethu Joseph,"Mohanlal, Meena, Asha Sharath",https://www.imdb.com/title/tt3417422/
Nuvvu Naaku Nachchav,2001-09-06,"Comedy, Romance",3h 4m,"Venky and Nandini's relationship changes from mere friendship to something that is more romantic. However, love only blossoms between the two after Nandini's marriage is fixed elsewhere.",8.8,6693,Vijay K. Bhaskar,"Venkatesh Daggubati, Aarthi Agarwal, Suhasini",https://www.imdb.com/title/tt0311594/
Asuran,2019-10-03,"Action, Drama",2h 21m,"The teenage son of a farmer from an underprivileged caste kills a rich, upper caste landlord. How the pacifist farmer saves his hot-blooded son is the rest of the story.",8.4,37570,Vetrimaaran,"Dhanush, Manju Warrier, Prakash Raj",https://www.imdb.com/title/tt9477520/
Kadaisi Vivasayi,2022-02-11,Drama,2h 2m,The last active farmer in a remote village tries to hold out against a property developer.,8.7,11039,M. Manikandan,"Nallandi, Vijay Sethupathi, Yogi Babu",https://www.imdb.com/title/tt10300570/
Jai Bhim,2021-11-02,"Crime, Drama",2h 44m,"When a tribal man is arrested for a case of alleged theft, his wife turns to a human-rights lawyer to help bring justice.",8.6,235531,T.J. Gnanavel,"Suriya, Lijo Mol Jose, Manikandan K.",https://www.imdb.com/title/tt15097216/
Laapataa Ladies,2024-03-01,"Comedy, Drama",2h 2m,"The misadventures of two young brides who get lost from the same train. From mistaken identities to laugh-out-aloud escapades, the ensuing chaos guarantees laughter galore and heartwarming moments.",8.3,61548,Kiran Rao,"Nitanshi Goel, Pratibha Ranta, Sparsh Shrivastava",https://www.imdb.com/title/tt21626284/
Maharaja,2024-06-13,"Action, Crime, Drama",2h 21m,"A barber seeks vengeance after his home is burglarized, cryptically telling police his ""lakshmi"" has been taken, leaving them uncertain if it's a person or object. His quest to recover the elusive ""lakshmi"" unfolds.",8.3,84212,"R. Nandhakumar, Nithilan Saminathan, T. Suresh","Vijay Sethupathi, Anurag Kashyap, Mamta Mohandas",https://www.imdb.com/title/tt26548265/
Vada Chennai,2018-10-17,"Action, Crime, Drama",2h 44m,A young carrom player in north Chennai becomes a reluctant participant in a war between two warring gangsters.,8.4,24669,Vetrimaaran,"Dhanush, Ameer Sultan, Radha Ravi",https://www.imdb.com/title/tt5959980/
Thani Oruvan,2015-08-28,"Action, Crime, Drama",2h 40m,"Siddharth Abimanyu, an influential scientist, is involved in various illegal medical practices. Mithran, an efficient IPS officer, decides to expose him.",8.4,24316,Mohan Raja,"Ravi Mohan, Arvind Swamy, Nayanthara",https://www.imdb.com/title/tt4987556/
Sarpatta parambarai,2021-07-22,"Action, Drama, Sport",2h 53m,"When Sarpatta Parambarai is challenged to a do-or-die match, will Kabilan, a young labourer, put on the gloves himself and lead his clan to victory, or be dissuaded by his disapproving mother and dangerous politics?",8.4,28860,Pa. Ranjith,"Arya, Pasupathy, John Kokken",https://www.imdb.com/title/tt11580854/
Jaane Bhi Do Yaaro,1983-08-12,"Comedy, Crime, Drama",2h 12m,"Two photographers, who are employed by a magazine editor to expose the scandalous activities of the rich, come across corruption by a builder and accidentally photograph a murder.",8.3,17954,Kundan Shah,"Naseeruddin Shah, Ravi Baswani, Bhakti Barve",https://www.imdb.com/title/tt0085743/
Khosla Ka Ghosla!,2006-09-22,"Comedy, Crime, Drama",2h 15m,A Delhi-based retired middle-class man tries half-heartedly to get his land back from a swindling property dealer with the help of his sons and their friends.,8.2,27378,"Dibakar Banerjee, Pravin E. Birje","Anupam Kher, Boman Irani, Parvin Dabas",https://www.imdb.com/title/tt0466460/
Aparajito,1956-10-11,Drama,1h 50m,"Following his father's death, a boy leaves home to study in Calcutta, while his mother must face a life alone.",8.2,20074,Satyajit Ray,"Pinaki Sengupta, Smaran Ghosal, Kamala Adhikari",https://www.imdb.com/title/tt0048956/
Devasuram,1993-04-14,"Action, Crime, Drama",2h 37m,"Neelakandan squanders away the inheritance left by his father. However, his life turns upside down when his mother reveals a terrible secret on her deathbed that changes the course of his life.",8.7,7243,I.V. Sasi,"Mohanlal, Napolean, Revathi",https://www.imdb.com/title/tt0291855/
Bangalore Days,2014-05-30,"Comedy, Drama, Musical",2h 51m,"A fun roller coaster ride about three young people, Aju, Divya and Kuttan who are cousins, reach Bangalore to dream, discover and explore.",8.3,28493,Anjali Menon,"Dulquer Salmaan, Nivin Pauly, Nazriya Nazim",https://www.imdb.com/title/tt3668162/
Ratsasan,2018-10-05,"Crime, Drama, Mystery",2h 26m,A sub-inspector sets out in pursuit of a mysterious serial killer who targets teen school girls and murders them brutally.,8.3,60586,Ram Kumar,"Vishnu Vishal, Amala Paul, Radha Ravi",https://www.imdb.com/title/tt7060344/
Hera Pheri,2000-03-31,"Action, Comedy, Crime",2h 36m,"Two tenants and a landlord look for answers to all their money problems - but when their opportunity arrives, will they know what to do with it?",8.2,81453,Priyadarshan,"Akshay Kumar, Suniel Shetty, Paresh Rawal",https://www.imdb.com/title/tt0242519/
Chithram,1988-12-23,"Comedy, Drama, Musical",2h 39m,A woman hires a stranger to pose as her husband because she doesn't want her ailing father to know that her fiance broke their engagement.,8.7,6899,Priyadarshan,"Mohanlal, Nedumudi Venu, Renjini",https://www.imdb.com/title/tt0214585/
Satya,1998-07-03,"Action, Crime, Drama",2h 50m,"An innocent man is embroiled in the underworld after being falsely charged, and he sets out to punish the perpetrators who made his life miserable.",8.2,18640,Ram Gopal Varma,"J.D. Chakravarthi, Manoj Bajpayee, Urmila Matondkar",https://www.imdb.com/title/tt0195231/
Premam,2015-06-12,"Comedy, Drama, Musical",2h 36m,A young man has three opportunities to find love. Will the third time be the charm?,8.3,28638,Alphonse Puthren,"Nivin Pauly, Sai Pallavi, Madonna Sebastian",https://www.imdb.com/title/tt4679210/
Chupke Chupke,1975-04-11,"Comedy, Drama, Romance",2h 26m,A newly wedded husband plays a practical joke on his wife's family with full support from his wife and friends.,8.3,14059,Hrishikesh Mukherjee,"Dharmendra, Sharmila Tagore, Amitabh Bachchan",https://www.imdb.com/title/tt0072783/
Pyaasa,1957-02-19,"Drama, Musical, Romance",2h 26m,"Vijay, a talented but indigent poet, struggles for love and recognition in this selfish world.",8.3,8353,Guru Dutt,"Guru Dutt, Waheeda Rehman, Mala Sinha",https://www.imdb.com/title/tt0050870/
Pather Panchali,1955-08-26,"Drama, History",2h 5m,"Impoverished priest Harihar Ray, dreaming of a better life for himself and his family, leaves his rural Bengal village in search of work.",8.2,42024,Satyajit Ray,"Kanu Bannerjee, Karuna Bannerjee, Subir Banerjee",https://www.imdb.com/title/tt0048473/
Agent Sai Srinivasa Athreya,2019-06-20,"Comedy, Crime, Mystery",2h 28m,Agent Sai Srinivasa Athreya is an authentic humorous investigative thriller revolving around the adventures of a detective based out of Nellore.,8.3,22329,Swaroop Rsj,"Naveen Polishetty, Shruti Sharma, Krishneswara Rao",https://www.imdb.com/title/tt10214826/
Mahanagar,1963-09-27,Drama,2h 2m,"Life at home changes when a house-wife from a middle-class, conservative family in Calcutta gets a job as a saleswoman.",8.3,5693,Satyajit Ray,"Anil Chatterjee, Madhavi Mukherjee, Jaya Bachchan",https://www.imdb.com/title/tt0057277/
Bhaag Milkha Bhaag,2013-07-12,"Biography, Drama, Sport",3h 6m,"The truth behind the ascension of Milkha Singh, who was scarred by of the India-Pakistan partition.",8.2,79603,Rakeysh Omprakash Mehra,"Farhan Akhtar, Kousi Orfahli, Deepak Singh Rawat",https://www.imdb.com/title/tt2356180/
Kilukkam,1991-08-15,"Comedy, Drama",2h 35m,"A tourist guide in Ooty shelters a mentally unstable woman in return for the reward offered by her relatives. Later, he comes to know that she is in danger from her relatives.",8.6,5474,Priyadarshan,"Mohanlal, Jagathy Sreekumar, Revathi",https://www.imdb.com/title/tt0255306/
Mudhalvan,1999-11-07,"Action, Drama, Thriller",2h 49m,"A man accepts a challenge to act as the Chief Minister of Tamil Nadu for one day only, and makes such a success of it that soon he is embroiled in political intrigue.",8.4,9446,"R. Madhesh, Shankar Shanmugham","Arjun Sarja, Manisha Koirala, Raghuvaran",https://www.imdb.com/title/tt0220656/
Guide,1965-02-06,"Drama, Romance",3h 3m,"When mistaken to be a sage by some villagers, an ex-tour guide reflects on his past and lost love to search for spiritual wisdom to guide the villagers.",8.4,12913,Vijay Anand,"Dev Anand, Waheeda Rehman, Leela Chitnis",https://www.imdb.com/title/tt0059246/
Chhichhore,2019-09-06,"Comedy, Drama, Romance",2h 23m,"A tragic incident forces Anirudh, a middle-aged man, to take a trip down memory lane and reminisce his college days along with his friends, who were labelled as losers.",8.3,73813,Nitesh Tiwari,"Sushant Singh Rajput, Shraddha Kapoor, Varun Sharma",https://www.imdb.com/title/tt9052870/
Zindagi Na Milegi Dobara,2011-07-15,"Adventure, Comedy, Drama",2h 35m,Three friends decide to turn their fantasy vacation into reality after one of their friends gets engaged.,8.2,96875,Zoya Akhtar,"Hrithik Roshan, Farhan Akhtar, Abhay Deol",https://www.imdb.com/title/tt1562872/
Peranbu,2019-01-31,"Drama, Family",2h 27m,"A single father tries to raise his daughter, who has cerebral palsy, even as she is beginning to wake up to her sexuality.",8.6,18871,Ram,"Mammootty, Sadhana, Anjali",https://www.imdb.com/title/tt7738784/
Sardar Udham,2021-10-16,"Crime, Drama, History",2h 44m,Punjabi Sikh revolutionary Udham Singh spends two decades planning the assassination of the man responsible for the Jallianwala Bagh massacre.,8.3,51103,Shoojit Sircar,"Vicky Kaushal, Shaun Scott, Stephen Hogan",https://www.imdb.com/title/tt10280296/
Gangs of Wasseypur,2012-06-22,"Action, Comedy, Crime",5h 21m,"A clash between Sultan and Shahid Khan leads to the expulsion of Khan from Wasseypur, and ignites a deadly blood feud spanning three generations.",8.2,115177,Anurag Kashyap,"Manoj Bajpayee, Nawazuddin Siddiqui, Tigmanshu Dhulia",https://www.imdb.com/title/tt1954470/
Munna Bhai M.B.B.S.,2003-12-19,"Comedy, Drama",2h 36m,A gangster sets out to fulfill his father's dream of becoming a doctor.,8.2,99152,Rajkumar Hirani,"Sanjay Dutt, Arshad Warsi, Gracy Singh",https://www.imdb.com/title/tt0374887/
Drishyam,2015-07-31,"Crime, Drama, Mystery",2h 43m,"Desperate measures are taken by a man who tries to save his family from the dark side of the law, after they commit an unexpected crime.",8.2,110279,Nishikant Kamat,"Ajay Devgn, Shriya Saran, Tabu",https://www.imdb.com/title/tt4430212/
Goopy Gyne Bagha Byne,1969-05-08,"Adventure, Comedy, Family",2h 12m,"Goopy wants to sing, and Bagha wants to play the dhol. They meet accidentally and are helped by King of Ghosts. With newly endowed abilities, they land in kingdom of Shundi, where their adventure begins.",8.7,5935,Satyajit Ray,"Tapan Chatterjee, Rabi Ghosh, Ajoy Banerjee",https://www.imdb.com/title/tt0063023/
Spadikam,1995-03-30,"Action, Drama",2h 30m,A small-town criminal constantly clashes with his strict school headmaster father at the expense of their family lives.,8.6,7773,Bhadran,"Mohanlal, Thilakan, Urvashi",https://www.imdb.com/title/tt0292246/
Mahanati,2018-05-08,"Biography, Drama",2h 57m,"Biography of Savitri, an actress from South India movie industry, who ruled the industry for two decades during 50s and 60s.",8.4,16704,Nag Ashwin,"Keerthy Suresh, Dulquer Salmaan, Samantha Ruth Prabhu",https://www.imdb.com/title/tt7465992/
"Swades: We, the People",2004-12-17,"Drama, Musical",3h 9m,A successful Indian scientist returns to an Indian village to take his nanny to America with him and in the process rediscovers his roots.,8.2,106853,Ashutosh Gowariker,"Shah Rukh Khan, Gayatri Joshi, Kishori Ballal",https://www.imdb.com/title/tt0367110/
Iruvar,1997-01-14,"Biography, Drama",2h 20m,"A struggling actor and a writer-politician become friends as young men and rise to great heights in cinema and politics respectively. But when both become contenders for the top political post in the state, a rift develops between...",8.4,9019,Mani Ratnam,"Mohanlal, Aishwarya Rai Bachchan, Prakash Raj",https://www.imdb.com/title/tt0119385/
Andhadhun,2018-10-05,"Comedy, Crime, Mystery",2h 19m,"A series of mysterious events change the life of a blind pianist, who must now report a crime that he should technically know nothing of.",8.2,117528,Sriram Raghavan,"Ayushmann Khurrana, Tabu, Radhika Apte",https://www.imdb.com/title/tt8108198/
Kannathil Muthamittal,2002-02-14,"Action, Drama, Musical",2h 16m,"A little girl is told by her parents that she is adopted. Determined to find her real mother, she begs to be taken to Sri Lanka, where her mother works with a militant group of activists.",8.3,10844,Mani Ratnam,"Keerthana Parthiepan, Simran, Madhavan",https://www.imdb.com/title/tt0312859/
Jana Gana Mana,2022-04-28,"Drama, Thriller",2h 42m,"As a college professor's brutal murder sparks student unrest, a cop launches an investigation while a lawyer seeks justice in the the courtroom.",8.3,22175,Dijo Jose Antony,"Prithviraj Sukumaran, Suraj Venjaramoodu, Pasupathi Raj",https://www.imdb.com/title/tt13391710/
Papanasam,2015-07-03,"Crime, Drama, Mystery",2h 59m,Desperate measures are taken by a man who tries to save his family from the dark side of the law after they commit an unexpected crime.,8.4,9581,Jeethu Joseph,"Kamal Haasan, Gautami, Nivetha Thomas",https://www.imdb.com/title/tt4429128/
Michael Madana Kama Rajan,1990-10-17,Comedy,2h 42m,"A comedy of errors with identical quadruplets, separated at birth, coming together as adults.",8.5,7969,Singeetam Srinivasa Rao,"Kamal Haasan, Urvashi, Komal Mahuvakar",https://www.imdb.com/title/tt0140377/
Vikram Vedha,2017-07-21,"Action, Crime, Drama",2h 27m,"Vikram, a no-nonsense police officer, accompanied by Simon, his partner, is on the hunt to capture Vedha, a smuggler and a murderer. Vedha tries to change Vikram's life, which leads to a conflict.",8.2,55821,"Gayatri, Pushkar","Madhavan, Vijay Sethupathi, Shraddha Srinath",https://www.imdb.com/title/tt6148156/
Tumbbad,2018-10-12,"Drama, Fantasy, Horror",1h 48m,A mythological story about a goddess who created the entire universe. The plot revolves around the consequences when humans build a temple for her first-born.,8.2,76621,"Rahi Anil Barve, Anand Gandhi, Adesh Prasad","Sohum Shah, Jyoti Malshe, Dhundiraj Prabhakar Jogalekar",https://www.imdb.com/title/tt8239946/
Sairat,2016-04-29,"Drama, Romance",2h 54m,"In interior Maharashtra, a fisherman's son and a local politician's daughter fall in love against the restrictions of caste hierarchy.",8.3,16522,Nagraj Manjule,"Rinku Rajguru, Akash Thosar, Arbaz Shaikh",https://www.imdb.com/title/tt5312232/
Virumandi,2021-01-14,"Action, Crime, Drama",2h 55m,A temperamental farmer gets embroiled in a bloody clan feud in a southern Tamil Nadu village.,8.4,9817,Kamal Haasan,"Kamal Haasan, Abhirami, Pasupathy",https://www.imdb.com/title/tt0364647/
Shahid,2013-10-18,"Biography, Drama",2h 9m,"The account of Human Rights lawyer Shahid Azmi, an ordinary citizen with an extraordinary commitment to justice.",8.2,21650,Hansal Mehta,"Rajkummar Rao, Prabhleen Sandhu, Mohd. Zeeshan Ayyub",https://www.imdb.com/title/tt2181831/
Vikram,2022-06-03,"Action, Crime, Thriller",2h 55m,A covert investigation changes its course when special officer Amar encounters an unrelenting Vikram and his pursuit to take down a notorious drug cartel.,8.3,90438,Lokesh Kanagaraj,"Kamal Haasan, Vijay Sethupathi, Fahadh Faasil",https://www.imdb.com/title/tt9179430/
Nayak,1966-05-06,Drama,1h 57m,"En route to Delhi to receive an award, a Bengali film star reevaluates his success through his fellow passengers, dreams, and past experiences.",8.3,6183,Satyajit Ray,"Uttam Kumar, Sharmila Tagore, Bireswar Sen",https://www.imdb.com/title/tt0060742/
Mandela,2021-04-04,"Comedy, Drama",2h 20m,A local barber's fate turns overnight when he becomes the single deciding vote in the village elections.,8.3,9974,Madonne Ashwin,"Yogi Babu, Sheela Rajkumar, Sangili Murugan",https://www.imdb.com/title/tt10687070/
Super Deluxe,2019-03-28,"Comedy, Crime, Drama",2h 56m,"An unfaithful newly-wed wife, an estranged father, a priest and an angry son suddenly find themselves in the most unexpected predicaments, each poised to experience their destiny, all on one fateful day.",8.2,20173,Thiagarajan Kumararaja,"Vijay Sethupathi, Fahadh Faasil, Samantha Ruth Prabhu",https://www.imdb.com/title/tt7019942/
Mahavatar Narsimha,2025-08-01,"Animation, Action, Drama",2h 10m,The demon Hiranyakashyap seeks revenge on Vishnu and declares himself a god. His son Prahlad remains devoted to Vishnu. Vishnu manifests as Narsimha to defeat the demon and restore balance.,8.5,48338,Ashwin Kumar,"Aditya Raj Sharma, Haripriya Matta, Sanket Jaiswal",https://www.imdb.com/title/tt34365591/
Paan Singh Tomar,2012-03-02,"Action, Biography, Crime",2h 15m,"The story of Paan Singh Tomar, an Indian athlete and seven-time national steeplechase champion who becomes one of the most feared criminals in Chambal Valley after his retirement.",8.2,40337,Tigmanshu Dhulia,"Irrfan Khan, Mahie Gill, Sanjeeva Vats",https://www.imdb.com/title/tt1620933/
Pudhu Pettai,2006-05-26,"Action, Crime, Drama",2h 48m,"After running away from his home, Kumar falls in with a gang and slowly rises through the ranks of the criminal underworld.",8.4,9737,K. Selvaraghavan,"Dhanush, Sneha, Sonia Agarwal",https://www.imdb.com/title/tt0459516/
PK,2014-12-19,"Comedy, Drama, Musical",2h 33m,An alien on Earth loses the only device he can use to communicate with his spaceship. His innocent nature and child-like questions force the country to evaluate the impact of religious views on people.,8.1,224990,Rajkumar Hirani,"Aamir Khan, Anushka Sharma, Sanjay Dutt",https://www.imdb.com/title/tt2338151/
Dhurandhar,2025-12-05,"Action, Crime, Thriller",3h 34m,"A mysterious traveler slips into the heart of Karachi's underbelly and rises through its ranks with lethal precision, only to tear the notorious ISI-Underworld nexus apart from within.",8.2,148113,Aditya Dhar,"Ranveer Singh, Akshaye Khanna, Sanjay Dutt",https://www.imdb.com/title/tt33014583/
Chak De! India,2025-11-01,"Drama, Family, Sport",2h 33m,"Kabir Khan, the coach of the Indian Women's National Hockey Team, dreams of making his all-girls team emerge victorious against all odds.",8.1,92408,Shimit Amin,"Shah Rukh Khan, Vidya Malvade, Sagarika Ghatge",https://www.imdb.com/title/tt0871510/
Lagaan: Once Upon a Time in India,2001-06-15,"Drama, Musical, Sport",3h 44m,The people of a small village in Victorian India stake their future on a game of cricket against their ruthless British rulers.,8.1,130151,Ashutosh Gowariker,"Aamir Khan, Raghubir Yadav, Gracy Singh",https://www.imdb.com/title/tt0169102/
Drishyam 2,2022-11-18,"Crime, Drama, Mystery",2h 20m,"Seven years after burying a dark secret, a cinema owner and his family face a renewed investigation led by a relentless new inspector and a grieving mother. New witnesses and forensic traps threaten to shatter their peaceful life.",8.2,52747,Abhishek Pathak,"Ajay Devgn, Akshaye Khanna, Tabu",https://www.imdb.com/title/tt15501640/
Jo Jeeta Wohi Sikandar,1992-05-22,"Comedy, Drama, Romance",2h 54m,"A rich brat and a poor chap try to woo a girl, with their rivalry culminating in the most prestigious college event - the marathon cycle race.",8.1,27736,Mansoor Khan,"Aamir Khan, Ayesha Jhulka, Deepak Tijori",https://www.imdb.com/title/tt0104561/
Manjummel Boys,2024-02-22,"Adventure, Drama, Thriller",2h 15m,"A group of friends get into a daring rescue mission to save their friend from Guna Caves, a perilously deep pit from where nobody has ever been brought back.",8.2,34552,Chidambaram,"Soubin Shahir, Sreenath Bhasi, Balu Varghese",https://www.imdb.com/title/tt26458038/
Sholay,1975-08-15,"Action, Adventure, Comedy",2h 42m,"After his family is murdered by a notorious and ruthless bandit, a former police officer enlists the services of two outlaws to capture the bandit.",8.1,63643,Ramesh Sippy,"Sanjeev Kumar, Dharmendra, Amitabh Bachchan",https://www.imdb.com/title/tt0073707/
Jigarthanda,2014-08-01,"Comedy, Crime, Drama",2h 51m,"An aspiring director targets a ruthless gangster because he wants to make a violent gangster film. His discreet attempts to research the gangster fail miserably. Finally when he gets caught snooping, things hit the fan.",8.2,14866,Karthik Subbaraj,"Siddharth, Bobby Simha, Lakshmi Menon",https://www.imdb.com/title/tt3569782/
Black,2005-02-04,Drama,2h 2m,"Michelle, a disabled girl who can't see, hear, or speak, suffering in a world that has given up on her. But when the teacher Debraj enters her life, he becomes a ray of hope that she might pursue her passions and have a normal life.",8.1,37660,Sanjay Leela Bhansali,"Amitabh Bachchan, Rani Mukerji, Shernaz Patel",https://www.imdb.com/title/tt0375611/
